Time_abs/ps, Signal/nA
  1080.000,     0.288670
  1080.050,     0.283634
  1080.100,     0.237719
  1080.150,     0.159068
  1080.200,     0.059388
  1080.250,    -0.053039
  1080.300,    -0.157566
  1080.350,    -0.229139
  1080.400,    -0.244411
  1080.450,    -0.213251
  1080.500,    -0.149387
  1080.550,    -0.077254
  1080.600,    -0.019840
  1080.650,     0.005187
  1080.700,     0.011061
  1080.750,     0.008865
  1080.800,    -0.001921
  1080.850,     0.000666
  1080.900,     0.025360
  1080.950,     0.066191
  1081.000,     0.110162
  1081.050,     0.160020
  1081.100,     0.202003
  1081.150,     0.236490
  1081.200,     0.245101
  1081.250,     0.231694
  1081.300,     0.207071
  1081.350,     0.175698
  1081.400,     0.143226
  1081.450,     0.113507
  1081.500,     0.087750
  1081.550,     0.069211
  1081.600,     0.058849
  1081.650,     0.055761
  1081.700,     0.064061
  1081.750,     0.063801
  1081.800,     0.067204
  1081.850,     0.070554
  1081.900,     0.070082
  1081.950,     0.062984
  1082.000,     0.048969
  1082.050,     0.019000
  1082.100,    -0.008349
  1082.150,    -0.028498
  1082.200,    -0.046206
  1082.250,    -0.059621
  1082.300,    -0.066890
  1082.350,    -0.064004
  1082.400,    -0.055172
  1082.450,    -0.045207
  1082.500,    -0.035045
  1082.550,    -0.028591
  1082.600,    -0.025278
  1082.650,    -0.014059
  1082.700,     0.007030
  1082.750,     0.039374
  1082.800,     0.085675
  1082.850,     0.152290
  1082.900,     0.249175
  1082.950,     0.367703
  1083.000,     0.509685
  1083.050,     0.684846
  1083.100,     0.872863
  1083.150,     1.053349
  1083.200,     1.204544
  1083.250,     1.283525
  1083.300,     1.237686
  1083.350,     0.998811
  1083.400,     0.541647
  1083.450,    -0.138671
  1083.500,    -0.986994
  1083.550,    -1.859996
  1083.600,    -2.578265
  1083.650,    -2.986647
  1083.700,    -2.981477
  1083.750,    -2.556678
  1083.800,    -1.805287
  1083.850,    -0.904119
  1083.900,    -0.015696
  1083.950,     0.712880
  1084.000,     1.195551
  1084.050,     1.397069
  1084.100,     1.331921
  1084.150,     1.048737
  1084.200,     0.641236
  1084.250,     0.206992
  1084.300,    -0.186813
  1084.350,    -0.496184
  1084.400,    -0.708742
  1084.450,    -0.834136
  1084.500,    -0.895012
  1084.550,    -0.920814
  1084.600,    -0.944583
  1084.650,    -0.978892
  1084.700,    -1.061536
  1084.750,    -1.204475
  1084.800,    -1.404218
  1084.850,    -1.664076
  1084.900,    -1.978820
  1084.950,    -2.344620
  1085.000,    -2.754912
  1085.050,    -3.210304
  1085.100,    -3.724428
  1085.150,    -4.311655
  1085.200,    -4.991553
  1085.250,    -5.782930
  1085.300,    -6.696761
  1085.350,    -7.715035
  1085.400,    -8.795153
  1085.450,    -9.817602
  1085.500,   -10.630642
  1085.550,   -11.036816
  1085.600,   -10.787404
  1085.650,    -9.605412
  1085.700,    -7.191095
  1085.750,    -3.174729
  1085.800,     2.827251
  1085.850,    11.254998
  1085.900,    22.485461
  1085.950,    36.793919
  1086.000,    54.300976
  1086.050,    74.765194
  1086.100,    97.317545
  1086.150,   120.079311
  1086.200,   139.718967
  1086.250,   151.309373
  1086.300,   148.575323
  1086.350,   125.003625
  1086.400,    75.974068
  1086.450,     1.493789
  1086.500,   -91.507896
  1086.550,  -188.706937
  1086.600,  -270.958499
  1086.650,  -319.584267
  1086.700,  -322.914610
  1086.750,  -280.597263
  1086.800,  -203.325676
  1086.850,  -108.322355
  1086.900,   -13.362334
  1086.950,    67.361937
  1087.000,   124.614728
  1087.050,   154.072587
  1087.100,   156.163179
  1087.150,   136.219987
  1087.200,   103.271197
  1087.250,    67.137419
  1087.300,    35.135642
  1087.350,    11.120983
  1087.400,    -3.472460
  1087.450,    -8.564191
  1087.500,    -5.462858
  1087.550,     2.849270
  1087.600,    12.591540
  1087.650,    20.734883
  1087.700,    25.685816
  1087.750,    26.811034
  1087.800,    23.994299
  1087.850,    17.780893
  1087.900,     9.490340
  1087.950,     0.843832
  1088.000,    -6.605204
  1088.050,   -11.759266
  1088.100,   -14.156776
  1088.150,   -14.023650
  1088.201,   -12.158093
  1088.251,    -9.526924
  1088.301,    -7.041839
  1088.351,    -5.357892
  1088.401,    -4.719288
  1088.451,    -4.940703
  1088.501,    -5.639677
  1088.551,    -6.372527
  1088.601,    -6.675794
  1088.651,    -6.306749
  1088.701,    -5.422085
  1088.751,    -4.343893
  1088.801,    -3.232029
  1088.851,    -2.189664
  1088.901,    -1.393917
  1088.951,    -0.889175
  1089.001,    -0.494857
  1089.051,     0.000802
  1089.101,     0.610570
  1089.151,     1.253494
  1089.201,     1.852810
  1089.251,     2.325995
  1089.301,     2.644629
  1089.351,     2.873809
  1089.401,     3.004733
  1089.451,     2.934080
  1089.501,     2.666250
  1089.551,     2.272936
  1089.601,     1.762436
  1089.651,     1.089835
  1089.701,     0.309614
  1089.751,    -0.393400
  1089.801,    -0.807275
  1089.851,    -0.796568
  1089.901,    -0.384764
  1089.951,     0.268603
  1090.001,     0.969428
  1090.051,     1.551004
  1090.101,     1.889992
  1090.151,     1.933743
  1090.201,     1.714081
  1090.251,     1.335854
  1090.301,     0.941507
  1090.351,     0.640420
  1090.401,     0.417309
  1090.451,     0.226746
  1090.501,     0.089315
  1090.551,     0.031178
  1090.601,     0.032926
  1090.651,     0.085485
  1090.701,     0.150322
  1090.751,     0.174949
  1090.801,     0.112861
  1090.851,    -0.097411
  1090.901,    -0.537528
  1090.951,    -1.217995
  1091.001,    -1.983598
  1091.051,    -2.592420
  1091.101,    -2.886982
  1091.151,    -2.806407
  1091.201,    -2.365631
  1091.251,    -1.675709
  1091.301,    -0.862352
  1091.351,    -0.031071
  1091.401,     0.698208
  1091.451,     1.242646
  1091.501,     1.574626
  1091.551,     1.725033
  1091.601,     1.690854
  1091.651,     1.468257
  1091.701,     1.073214
  1091.751,     0.554660
  1091.801,     0.005359
  1091.851,    -0.497637
  1091.901,    -0.852574
  1091.951,    -0.997196
  1092.001,    -0.877507
  1092.051,    -0.485762
  1092.101,     0.092927
  1092.151,     0.738043
  1092.201,     1.320577
  1092.251,     1.759278
  1092.301,     2.020733
  1092.351,     2.084294
  1092.401,     1.960731
  1092.451,     1.672201
  1092.501,     1.282165
  1092.551,     0.872386
  1092.601,     0.528350
  1092.651,     0.280923
  1092.701,     0.154909
  1092.751,     0.148601
  1092.801,     0.199397
  1092.851,     0.198270
  1092.901,     0.053179
  1092.951,    -0.242311
  1093.001,    -0.610191
  1093.051,    -0.934518
  1093.101,    -1.112747
  1093.151,    -1.083968
  1093.201,    -0.845289
  1093.251,    -0.429728
  1093.301,     0.096443
  1093.351,     0.635304
  1093.401,     1.090506
  1093.451,     1.410751
  1093.501,     1.602325
  1093.551,     1.708951
  1093.601,     1.797453
  1093.651,     1.952795
  1093.701,     2.242541
  1093.751,     2.700790
  1093.801,     3.275245
  1093.851,     3.850270
  1093.901,     4.275036
  1093.951,     4.369472
  1094.001,     3.973678
  1094.051,     2.929540
  1094.101,     1.190083
  1094.151,    -1.159271
  1094.201,    -3.827414
  1094.251,    -6.378400
  1094.301,    -8.295031
  1094.351,    -9.125041
  1094.401,    -8.680699
  1094.451,    -7.082468
  1094.501,    -4.711694
  1094.551,    -2.098379
  1094.601,     0.269664
  1094.651,     2.064527
  1094.701,     3.178339
  1094.751,     3.612397
  1094.801,     3.440728
  1094.851,     2.762653
  1094.901,     1.687134
  1094.951,     0.389068
  1095.001,    -0.915887
  1095.051,    -1.974067
  1095.101,    -2.579183
  1095.151,    -2.624437
  1095.201,    -2.148436
  1095.251,    -1.328166
  1095.301,    -0.379501
  1095.351,     0.517427
  1095.401,     1.261950
  1095.451,     1.792220
  1095.501,     2.070211
  1095.551,     2.069971
  1095.601,     1.792238
  1095.651,     1.301079
  1095.701,     0.734208
  1095.751,     0.238067
  1095.801,    -0.084865
  1095.851,    -0.238320
  1095.901,    -0.288982
  1095.951,    -0.283093
  1096.001,    -0.221301
  1096.051,    -0.146531
  1096.101,    -0.089435
  1096.151,    -0.116482
  1096.201,    -0.243611
  1096.251,    -0.419071
  1096.301,    -0.605191
  1096.351,    -0.766469
  1096.401,    -0.888324
  1096.451,    -0.949907
  1096.501,    -0.914966
  1096.551,    -0.747190
  1096.601,    -0.465433
  1096.651,    -0.121276
  1096.701,     0.237739
  1096.751,     0.546821
  1096.801,     0.768395
  1096.851,     0.877414
  1096.901,     0.858581
  1096.951,     0.718882
  1097.001,     0.498252
  1097.051,     0.255741
  1097.101,     0.038227
  1097.151,    -0.116007
  1097.201,    -0.189030
  1097.251,    -0.180850
  1097.301,    -0.139135
  1097.351,    -0.099771
  1097.401,    -0.088085
  1097.451,    -0.112332
  1097.501,    -0.146871
  1097.551,    -0.158885
  1097.601,    -0.140142
  1097.651,    -0.097324
  1097.701,    -0.053349
  1097.751,    -0.030832
  1097.801,    -0.024538
  1097.851,    -0.026743
  1097.901,    -0.019398
  1097.951,     0.006624
  1098.001,     0.060838
  1098.051,     0.140172
  1098.101,     0.232846
  1098.151,     0.314828
  1098.201,     0.353994
  1098.251,     0.343630
  1098.301,     0.292381
  1098.351,     0.225413
  1098.401,     0.157628
  1098.451,     0.116144
  1098.501,     0.087195
  1098.551,     0.069356
  1098.601,     0.042737
  1098.651,     0.015292
  1098.701,    -0.004111
  1098.751,    -0.012793
  1098.801,    -0.000531
  1098.851,     0.041193
  1098.901,     0.110245
  1098.951,     0.199666
  1099.001,     0.299277
  1099.051,     0.383536
  1099.101,     0.430327
  1099.151,     0.426084
  1099.201,     0.373809
  1099.251,     0.292311
  1099.301,     0.208482
  1099.351,     0.144130
  1099.401,     0.111820
  1099.451,     0.115878
  1099.501,     0.134418
  1099.551,     0.143954
  1099.601,     0.132444
  1099.651,     0.099640
  1099.701,     0.049373
  1099.751,    -0.015324
  1099.801,    -0.069084
  1099.851,    -0.106892
  1099.901,    -0.134630
  1099.951,    -0.137622
  1100.001,    -0.124810
  1100.051,    -0.094765
  1100.101,    -0.038131
  1100.151,     0.020494
  1100.201,     0.066051
  1100.251,     0.098745
  1100.301,     0.103347
  1100.351,     0.102935
  1100.401,     0.081131
  1100.451,     0.051263
  1100.501,     0.033558
  1100.551,     0.040062
  1100.601,     0.062167
  1100.651,     0.100607
  1100.701,     0.161247
  1100.751,     0.250799
  1100.801,     0.359598
  1100.851,     0.483012
  1100.901,     0.589427
  1100.951,     0.677472
  1101.001,     0.734679
  1101.051,     0.754987
  1101.101,     0.751660
  1101.151,     0.718096
  1101.201,     0.659765
  1101.251,     0.592645
  1101.301,     0.524504
  1101.351,     0.467584
  1101.401,     0.413626
  1101.451,     0.375041
  1101.501,     0.365418
  1101.551,     0.385078
  1101.601,     0.418886
  1101.651,     0.464350
  1101.701,     0.497114
  1101.751,     0.495987
  1101.801,     0.470276
  1101.851,     0.423492
  1101.901,     0.345958
  1101.951,     0.256870
  1102.001,     0.171405
  1102.051,     0.100319
  1102.101,     0.052803
  1102.151,     0.020674
  1102.201,     0.005445
  1102.251,     0.005251
  1102.301,     0.010418
  1102.351,     0.035816
  1102.401,     0.057249
  1102.451,     0.069065
  1102.501,     0.091959
  1102.551,     0.112932
  1102.601,     0.129892
  1102.651,     0.159269
  1102.701,     0.204005
  1102.751,     0.274005
  1102.801,     0.360960
  1102.851,     0.441049
  1102.901,     0.505406
  1102.951,     0.528386
  1103.001,     0.515511
  1103.051,     0.471562
  1103.101,     0.419906
  1103.151,     0.363601
  1103.201,     0.317535
  1103.251,     0.290107
  1103.301,     0.271628
  1103.351,     0.258036
  1103.401,     0.239802
  1103.451,     0.206406
  1103.501,     0.160974
  1103.551,     0.117558
  1103.601,     0.055124
  1103.651,    -0.008181
  1103.701,    -0.068210
  1103.751,    -0.126625
  1103.801,    -0.170093
  1103.851,    -0.203264
  1103.901,    -0.231740
  1103.951,    -0.241231
  1104.001,    -0.236452
  1104.051,    -0.224339
  1104.101,    -0.205273
  1104.151,    -0.194888
  1104.201,    -0.196916
  1104.251,    -0.201973
  1104.301,    -0.201543
  1104.351,    -0.204937
  1104.401,    -0.189028
  1104.451,    -0.162517
  1104.501,    -0.115287
  1104.551,    -0.053870
  1104.602,     0.008916
  1104.652,     0.065800
  1104.702,     0.098628
  1104.752,     0.116052
  1104.802,     0.121787
  1104.852,     0.129353
  1104.902,     0.137681
  1104.952,     0.145800
  1105.002,     0.165061
  1105.052,     0.191040
  1105.102,     0.196591
  1105.152,     0.187091
  1105.202,     0.167898
  1105.252,     0.129082
  1105.302,     0.089536
  1105.352,     0.060656
  1105.402,     0.047684
  1105.452,     0.065674
  1105.502,     0.111926
  1105.552,     0.181300
  1105.602,     0.262254
  1105.652,     0.324484
  1105.702,     0.368777
  1105.752,     0.398537
  1105.802,     0.399529
  1105.852,     0.382053
  1105.902,     0.360870
  1105.952,     0.304935
  1106.002,     0.239999
  1106.052,     0.166750
  1106.102,     0.090404
  1106.152,     0.011745
  1106.202,    -0.054055
  1106.252,    -0.084185
  1106.302,    -0.087830
  1106.352,    -0.058005
  1106.402,     0.000149
  1106.452,     0.076160
  1106.502,     0.167854
  1106.552,     0.259796
  1106.602,     0.323137
  1106.652,     0.334141
  1106.702,     0.297214
  1106.752,     0.230397
  1106.802,     0.148190
  1106.852,     0.082219
  1106.902,     0.043473
  1106.952,     0.032635
  1107.002,     0.042786
  1107.052,     0.048195
  1107.102,     0.048847
  1107.152,     0.029018
  1107.202,    -0.003779
  1107.252,    -0.028188
  1107.302,    -0.041173
  1107.352,    -0.049926
  1107.402,    -0.042883
  1107.452,    -0.029679
  1107.502,    -0.017042
  1107.552,     0.015518
  1107.602,     0.070243
  1107.652,     0.134397
  1107.702,     0.199783
  1107.752,     0.240140
  1107.802,     0.258314
  1107.852,     0.251521
  1107.902,     0.232299
  1107.952,     0.206722
  1108.002,     0.171317
  1108.052,     0.116088
  1108.102,     0.054279
  1108.152,     0.001797
  1108.202,    -0.020111
  1108.252,    -0.022465
  1108.302,    -0.014664
  1108.352,    -0.016809
  1108.402,    -0.027473
  1108.452,    -0.036439
  1108.502,    -0.045116
  1108.552,    -0.045736
  1108.602,    -0.047010
  1108.652,    -0.041019
  1108.702,    -0.026254
  1108.752,     0.013004
  1108.802,     0.070576
  1108.852,     0.129782
  1108.902,     0.187305
  1108.952,     0.240329
  1109.002,     0.270370
  1109.052,     0.284613
  1109.102,     0.274604
  1109.152,     0.248196
  1109.202,     0.197154
  1109.252,     0.136978
  1109.302,     0.073516
  1109.352,     0.025322
  1109.402,    -0.019180
  1109.452,    -0.034030
  1109.502,    -0.026315
  1109.552,    -0.013553
  1109.602,     0.022715
  1109.652,     0.066405
  1109.702,     0.110551
  1109.752,     0.158733
  1109.802,     0.204713
  1109.852,     0.232756
  1109.902,     0.245734
  1109.952,     0.253623
  1110.002,     0.238970
  1110.052,     0.205899
  1110.102,     0.155740
  1110.152,     0.088579
  1110.202,     0.009318
  1110.252,    -0.069004
  1110.302,    -0.141701
  1110.352,    -0.184594
  1110.402,    -0.199369
  1110.452,    -0.188867
  1110.502,    -0.150277
  1110.552,    -0.104304
  1110.602,    -0.054831
  1110.652,    -0.016665
  1110.702,     0.014989
  1110.752,     0.039044
  1110.802,     0.066709
  1110.852,     0.098378
  1110.902,     0.126398
  1110.952,     0.143680
  1111.002,     0.152174
  1111.052,     0.149348
  1111.102,     0.140565
  1111.152,     0.119981
  1111.202,     0.091279
  1111.252,     0.051621
  1111.302,     0.023064
  1111.352,    -0.000520
  1111.402,     0.002036
  1111.452,     0.022884
  1111.502,     0.072401
  1111.552,     0.134240
  1111.602,     0.196337
  1111.652,     0.263166
  1111.702,     0.320386
  1111.752,     0.360956
  1111.802,     0.364670
  1111.852,     0.334197
  1111.902,     0.265654
  1111.952,     0.168099
  1112.002,     0.063139
  1112.052,    -0.023962
  1112.102,    -0.073357
  1112.152,    -0.078164
  1112.202,    -0.053460
  1112.252,    -0.004533
  1112.302,     0.051305
  1112.352,     0.100896
  1112.402,     0.118702
  1112.452,     0.109911
  1112.502,     0.075989
  1112.552,     0.021166
  1112.602,    -0.045705
  1112.652,    -0.110555
  1112.702,    -0.159059
  1112.752,    -0.180538
  1112.802,    -0.177329
  1112.852,    -0.148848
  1112.902,    -0.107119
  1112.952,    -0.056893
  1113.002,     0.000185
  1113.052,     0.048938
  1113.102,     0.082668
  1113.152,     0.102919
  1113.202,     0.110223
  1113.252,     0.094347
  1113.302,     0.077355
  1113.352,     0.050022
  1113.402,     0.014605
  1113.452,     0.004507
  1113.502,     0.011396
  1113.552,     0.026148
  1113.602,     0.055971
  1113.652,     0.078486
  1113.702,     0.088631
  1113.752,     0.110172
  1113.802,     0.128358
  1113.852,     0.144166
  1113.902,     0.163328
  1113.952,     0.170585
  1114.002,     0.175044
  1114.052,     0.183009
  1114.102,     0.184193
  1114.152,     0.174672
  1114.202,     0.160444
  1114.252,     0.145285
  1114.302,     0.124787
  1114.352,     0.101554
  1114.402,     0.091250
  1114.452,     0.079268
  1114.502,     0.068964
  1114.552,     0.073014
  1114.602,     0.081655
  1114.652,     0.083792
  1114.702,     0.083337
  1114.752,     0.078581
  1114.802,     0.065923
  1114.852,     0.051605
  1114.902,     0.043703
  1114.952,     0.035258
  1115.002,     0.030582
  1115.052,     0.038477
  1115.102,     0.055807
  1115.152,     0.073555
  1115.202,     0.080080
  1115.252,     0.089498
  1115.302,     0.116123
  1115.352,     0.133008
  1115.402,     0.149820
  1115.452,     0.169731
  1115.502,     0.177080
  1115.552,     0.177677
  1115.602,     0.176210
  1115.652,     0.177120
  1115.702,     0.179373
  1115.752,     0.190571
  1115.802,     0.201817
  1115.852,     0.209198
  1115.902,     0.208866
  1115.952,     0.206636
  1116.002,     0.200606
  1116.052,     0.201949
  1116.102,     0.196869
  1116.152,     0.206313
  1116.202,     0.221566
  1116.252,     0.231274
  1116.302,     0.230345
  1116.352,     0.221101
  1116.402,     0.215690
  1116.452,     0.206561
  1116.502,     0.195587
  1116.552,     0.177362
  1116.602,     0.157671
  1116.652,     0.136550
  1116.702,     0.127954
  1116.752,     0.120498
  1116.802,     0.121343
  1116.852,     0.127880
  1116.902,     0.131984
  1116.952,     0.132355
  1117.002,     0.136676
  1117.052,     0.127183
  1117.102,     0.118843
  1117.152,     0.107769
  1117.202,     0.102515
  1117.252,     0.091626
  1117.302,     0.078320
  1117.352,     0.062302
  1117.402,     0.054762
  1117.452,     0.051473
  1117.502,     0.049955
  1117.552,     0.057666
  1117.602,     0.053691
  1117.652,     0.037579
  1117.702,     0.011981
  1117.752,    -0.014004
  1117.802,    -0.044779
  1117.852,    -0.081278
  1117.902,    -0.113116
  1117.952,    -0.127728
  1118.002,    -0.147590
  1118.052,    -0.151153
  1118.102,    -0.149349
  1118.152,    -0.156255
  1118.202,    -0.141890
  1118.252,    -0.126125
  1118.302,    -0.104535
  1118.352,    -0.079031
  1118.402,    -0.053207
  1118.452,    -0.033358
  1118.502,    -0.012705
  1118.552,    -0.002167
  1118.602,     0.008990
  1118.652,     0.006565
  1118.702,     0.006265
  1118.752,     0.011083
  1118.802,     0.013809
  1118.852,     0.028114
  1118.902,     0.047996
  1118.952,     0.082244
  1119.002,     0.123901
  1119.052,     0.182413
  1119.102,     0.237578
  1119.152,     0.291413
  1119.202,     0.338953
  1119.252,     0.376869
  1119.302,     0.414043
  1119.352,     0.436424
  1119.402,     0.433796
  1119.452,     0.429907
  1119.502,     0.416896
  1119.552,     0.395249
  1119.602,     0.372225
  1119.652,     0.343788
  1119.702,     0.319788
  1119.752,     0.302459
  1119.802,     0.270341
  1119.852,     0.248901
  1119.902,     0.228947
  1119.952,     0.208441
  1120.002,     0.187465
  1120.052,     0.165000
  1120.102,     0.135369
  1120.152,     0.107090
  1120.202,     0.089255
  1120.252,     0.076101
  1120.302,     0.072153
  1120.352,     0.062299
  1120.402,     0.060768
  1120.452,     0.057232
  1120.502,     0.049595
  1120.552,     0.046263
  1120.602,     0.037552
  1120.652,     0.026169
  1120.702,     0.010764
  1120.752,     0.003574
  1120.802,    -0.006524
  1120.852,    -0.011099
  1120.902,    -0.024426
  1120.952,    -0.035849
  1121.003,    -0.042534
  1121.053,    -0.048273
  1121.103,    -0.060948
  1121.153,    -0.064110
  1121.203,    -0.063097
  1121.253,    -0.060230
  1121.303,    -0.062296
  1121.353,    -0.056737
  1121.403,    -0.059682
  1121.453,    -0.066334
  1121.503,    -0.088457
  1121.553,    -0.109452
  1121.603,    -0.136860
  1121.653,    -0.173194
  1121.703,    -0.216937
  1121.753,    -0.259291
  1121.803,    -0.298005
  1121.853,    -0.340198
  1121.903,    -0.372664
  1121.953,    -0.395622
  1122.003,    -0.421593
  1122.053,    -0.447914
  1122.103,    -0.461212
  1122.153,    -0.472989
  1122.203,    -0.477990
  1122.253,    -0.482785
  1122.303,    -0.490673
  1122.353,    -0.504082
  1122.403,    -0.513769
  1122.453,    -0.511091
  1122.503,    -0.499663
  1122.553,    -0.473757
  1122.603,    -0.439089
  1122.653,    -0.399723
  1122.703,    -0.360157
  1122.753,    -0.320846
  1122.803,    -0.291828
  1122.853,    -0.271889
  1122.903,    -0.275658
  1122.953,    -0.276637
  1123.003,    -0.308186
  1123.053,    -0.349623
  1123.103,    -0.407273
  1123.153,    -0.473869
  1123.203,    -0.548889
  1123.253,    -0.612006
  1123.303,    -0.662110
  1123.353,    -0.688760
  1123.403,    -0.681382
  1123.453,    -0.632409
  1123.503,    -0.557886
  1123.553,    -0.464642
  1123.603,    -0.353228
  1123.653,    -0.242099
  1123.703,    -0.136130
  1123.753,    -0.043870
  1123.803,     0.012527
  1123.853,     0.023421
  1123.903,    -0.003238
  1123.953,    -0.065681
  1124.003,    -0.137665
  1124.053,    -0.184309
  1124.103,    -0.182369
  1124.153,    -0.110348
  1124.203,     0.037117
  1124.253,     0.242561
  1124.303,     0.486849
  1124.353,     0.747361
  1124.403,     0.997438
  1124.453,     1.231609
  1124.503,     1.430045
  1124.553,     1.580771
  1124.603,     1.690710
  1124.653,     1.778901
  1124.703,     1.849051
  1124.753,     1.892250
  1124.803,     1.929228
  1124.853,     1.947189
  1124.903,     1.964247
  1124.953,     1.975034
  1125.003,     1.986431
  1125.053,     1.977534
  1125.103,     1.952154
  1125.153,     1.902483
  1125.203,     1.813170
  1125.253,     1.687828
  1125.303,     1.519881
  1125.353,     1.310551
  1125.403,     1.063375
  1125.453,     0.787157
  1125.503,     0.503957
  1125.553,     0.226806
  1125.603,    -0.038006
  1125.653,    -0.286331
  1125.703,    -0.511635
  1125.753,    -0.731258
  1125.803,    -0.931102
  1125.853,    -1.126535
  1125.903,    -1.321376
  1125.953,    -1.514638
  1126.003,    -1.695091
  1126.053,    -1.872524
  1126.103,    -2.025786
  1126.153,    -2.150490
  1126.203,    -2.254344
  1126.253,    -2.325004
  1126.303,    -2.361586
  1126.353,    -2.370752
  1126.403,    -2.363085
  1126.453,    -2.328976
  1126.503,    -2.271590
  1126.553,    -2.188315
  1126.603,    -2.080905
  1126.653,    -1.944722
  1126.703,    -1.792465
  1126.753,    -1.629069
  1126.803,    -1.457220
  1126.853,    -1.302807
  1126.903,    -1.162850
  1126.953,    -1.040652
  1127.003,    -0.952373
  1127.053,    -0.892162
  1127.103,    -0.845591
  1127.153,    -0.822617
  1127.203,    -0.798242
  1127.253,    -0.759956
  1127.303,    -0.696006
  1127.353,    -0.616391
  1127.403,    -0.518067
  1127.453,    -0.399074
  1127.503,    -0.282733
  1127.553,    -0.161314
  1127.603,    -0.055815
  1127.653,     0.040108
  1127.703,     0.140083
  1127.753,     0.228827
  1127.803,     0.309885
  1127.853,     0.397257
  1127.903,     0.483533
  1127.953,     0.563823
  1128.003,     0.655854
  1128.053,     0.738140
  1128.103,     0.812928
  1128.153,     0.885336
  1128.203,     0.955140
  1128.253,     1.013907
  1128.303,     1.073712
  1128.353,     1.128071
  1128.403,     1.181253
  1128.453,     1.221785
  1128.503,     1.248612
  1128.553,     1.264306
  1128.603,     1.258739
  1128.653,     1.232211
  1128.703,     1.182437
  1128.753,     1.106109
  1128.803,     1.011806
  1128.853,     0.913112
  1128.903,     0.815946
  1128.953,     0.726422
  1129.003,     0.642062
  1129.053,     0.568193
  1129.103,     0.486581
  1129.153,     0.409030
  1129.203,     0.336306
  1129.253,     0.252752
  1129.303,     0.171234
  1129.353,     0.094298
  1129.403,     0.015721
  1129.453,    -0.051543
  1129.503,    -0.105080
  1129.553,    -0.141016
  1129.603,    -0.162198
  1129.653,    -0.173491
  1129.703,    -0.177275
  1129.753,    -0.165330
  1129.803,    -0.157573
  1129.853,    -0.156729
  1129.903,    -0.160829
  1129.953,    -0.171369
  1130.003,    -0.191125
  1130.053,    -0.213962
  1130.103,    -0.245670
  1130.153,    -0.276282
  1130.203,    -0.303944
  1130.253,    -0.333017
  1130.303,    -0.347304
  1130.353,    -0.349332
  1130.403,    -0.344952
  1130.453,    -0.322439
  1130.503,    -0.291999
  1130.553,    -0.247156
  1130.603,    -0.196976
  1130.653,    -0.139366
  1130.703,    -0.071168
  1130.753,     0.005972
  1130.803,     0.090318
  1130.853,     0.182739
  1130.903,     0.268580
  1130.953,     0.355586
  1131.003,     0.453593
  1131.053,     0.557985
  1131.103,     0.665108
  1131.153,     0.775850
  1131.203,     0.882571
  1131.253,     0.976855
  1131.303,     1.047641
  1131.353,     1.093978
  1131.403,     1.112357
  1131.453,     1.112052
  1131.503,     1.093236
  1131.553,     1.047155
  1131.603,     0.968243
  1131.653,     0.886954
  1131.703,     0.790045
  1131.753,     0.710723
  1131.803,     0.628743
  1131.853,     0.544200
  1131.903,     0.475911
  1131.953,     0.412834
  1132.003,     0.360868
  1132.053,     0.313193
  1132.103,     0.248680
  1132.153,     0.169352
  1132.203,     0.094734
  1132.253,     0.013303
  1132.303,    -0.056749
  1132.353,    -0.112422
  1132.403,    -0.159497
  1132.453,    -0.192812
  1132.503,    -0.214067
  1132.553,    -0.218138
  1132.603,    -0.216564
  1132.653,    -0.202646
  1132.703,    -0.196334
  1132.753,    -0.197711
  1132.803,    -0.215326
  1132.853,    -0.228888
  1132.903,    -0.243095
  1132.953,    -0.259099
  1133.003,    -0.265433
  1133.053,    -0.259439
  1133.103,    -0.254787
  1133.153,    -0.230660
  1133.203,    -0.202549
  1133.253,    -0.171710
  1133.303,    -0.136806
  1133.353,    -0.112686
  1133.403,    -0.093731
  1133.453,    -0.074151
  1133.503,    -0.055302
  1133.553,    -0.020157
  1133.603,     0.023531
  1133.653,     0.065258
  1133.703,     0.099190
  1133.753,     0.137866
  1133.803,     0.180616
  1133.853,     0.217333
  1133.903,     0.258009
  1133.953,     0.291585
  1134.003,     0.311421
  1134.053,     0.324176
  1134.103,     0.334264
  1134.153,     0.332337
  1134.203,     0.327125
  1134.253,     0.298186
  1134.303,     0.252438
  1134.353,     0.194344
  1134.403,     0.125392
  1134.453,     0.051108
  1134.503,    -0.031915
  1134.553,    -0.117353
  1134.603,    -0.214403
  1134.653,    -0.321306
  1134.703,    -0.411541
  1134.753,    -0.484402
  1134.803,    -0.536937
  1134.853,    -0.553903
  1134.903,    -0.543484
  1134.953,    -0.510077
  1135.003,    -0.445701
  1135.053,    -0.368955
  1135.103,    -0.293146
  1135.153,    -0.219943
  1135.203,    -0.168166
  1135.253,    -0.128081
  1135.303,    -0.115094
  1135.353,    -0.116081
  1135.403,    -0.134219
  1135.453,    -0.168899
  1135.503,    -0.215841
  1135.553,    -0.265377
  1135.603,    -0.309238
  1135.653,    -0.345101
  1135.703,    -0.378495
  1135.753,    -0.400476
  1135.803,    -0.393133
  1135.853,    -0.382523
  1135.903,    -0.362794
  1135.953,    -0.338973
  1136.003,    -0.305745
  1136.053,    -0.249867
  1136.103,    -0.182077
  1136.153,    -0.097272
  1136.203,     0.000337
  1136.253,     0.099782
  1136.303,     0.200925
  1136.353,     0.310572
  1136.403,     0.415836
  1136.453,     0.526095
  1136.503,     0.621229
  1136.553,     0.699182
  1136.603,     0.752319
  1136.653,     0.785792
  1136.703,     0.795004
  1136.753,     0.780259
  1136.803,     0.714807
  1136.853,     0.603349
  1136.903,     0.431378
  1136.953,     0.196634
  1137.003,    -0.119213
  1137.053,    -0.503076
  1137.103,    -0.947953
  1137.153,    -1.414352
  1137.203,    -1.848016
  1137.253,    -2.197739
  1137.303,    -2.394459
  1137.354,    -2.390892
  1137.404,    -2.160259
  1137.454,    -1.723453
  1137.504,    -1.138329
  1137.554,    -0.466781
  1137.604,     0.199077
  1137.654,     0.811665
  1137.704,     1.340706
  1137.754,     1.767538
  1137.804,     2.074939
  1137.854,     2.237586
  1137.904,     2.227274
  1137.954,     2.007474
  1138.004,     1.585240
  1138.054,     0.979755
  1138.104,     0.272128
  1138.154,    -0.467409
  1138.204,    -1.161932
  1138.254,    -1.749725
  1138.304,    -2.181568
  1138.354,    -2.446051
  1138.404,    -2.546566
  1138.454,    -2.500039
  1138.504,    -2.312764
  1138.554,    -1.999366
  1138.604,    -1.561919
  1138.654,    -1.030671
  1138.704,    -0.444168
  1138.754,     0.139670
  1138.804,     0.656589
  1138.854,     1.041867
  1138.904,     1.253730
  1138.954,     1.312399
  1139.004,     1.240738
  1139.054,     1.085051
  1139.104,     0.893960
  1139.154,     0.701883
  1139.204,     0.522607
  1139.254,     0.357405
  1139.304,     0.203894
  1139.354,     0.077255
  1139.404,    -0.022211
  1139.454,    -0.112357
  1139.504,    -0.158562
  1139.554,    -0.169871
  1139.604,    -0.135338
  1139.654,    -0.053388
  1139.704,     0.095332
  1139.754,     0.285446
  1139.804,     0.515822
  1139.854,     0.762369
  1139.904,     1.012196
  1139.954,     1.236583
  1140.004,     1.411600
  1140.054,     1.508960
  1140.104,     1.524040
  1140.154,     1.432527
  1140.204,     1.223088
  1140.254,     0.930811
  1140.304,     0.558068
  1140.354,     0.149732
  1140.404,    -0.257889
  1140.454,    -0.601082
  1140.504,    -0.856773
  1140.554,    -0.992805
  1140.604,    -0.995152
  1140.654,    -0.872387
  1140.704,    -0.665523
  1140.754,    -0.395636
  1140.804,    -0.109141
  1140.854,     0.160382
  1140.904,     0.379788
  1140.954,     0.537033
  1141.004,     0.612126
  1141.054,     0.618773
  1141.104,     0.572449
  1141.154,     0.474440
  1141.204,     0.362220
  1141.254,     0.257804
  1141.304,     0.177385
  1141.354,     0.122166
  1141.404,     0.094828
  1141.454,     0.109095
  1141.504,     0.147702
  1141.554,     0.184590
  1141.604,     0.230004
  1141.654,     0.257085
  1141.704,     0.269131
  1141.754,     0.257963
  1141.804,     0.234093
  1141.854,     0.200197
  1141.904,     0.176090
  1141.954,     0.179620
  1142.004,     0.202320
  1142.054,     0.246867
  1142.104,     0.302877
  1142.154,     0.357704
  1142.204,     0.411143
  1142.254,     0.455987
  1142.304,     0.453458
  1142.354,     0.424917
  1142.404,     0.361619
  1142.454,     0.269773
  1142.504,     0.154361
  1142.554,     0.053989
  1142.604,    -0.027084
  1142.654,    -0.062157
  1142.704,    -0.049162
  1142.754,     0.004227
  1142.804,     0.090174
  1142.854,     0.201808
  1142.904,     0.319986
  1142.954,     0.426167
  1143.004,     0.507332
  1143.054,     0.533221
  1143.104,     0.509070
  1143.154,     0.434035
  1143.204,     0.321615
  1143.254,     0.178240
  1143.304,     0.030869
  1143.354,    -0.098947
  1143.404,    -0.193048
  1143.454,    -0.246161
  1143.504,    -0.268594
  1143.554,    -0.268848
  1143.604,    -0.259321
  1143.654,    -0.256146
  1143.704,    -0.272471
  1143.754,    -0.313457
  1143.804,    -0.359186
  1143.854,    -0.413471
  1143.904,    -0.439150
  1143.954,    -0.425236
  1144.004,    -0.360092
  1144.054,    -0.226976
  1144.104,    -0.043614
  1144.154,     0.171014
  1144.204,     0.371481
  1144.254,     0.531925
  1144.304,     0.623014
  1144.354,     0.620666
  1144.404,     0.520400
  1144.454,     0.355077
  1144.504,     0.149431
  1144.554,    -0.058262
  1144.604,    -0.230260
  1144.654,    -0.324605
  1144.704,    -0.328449
  1144.754,    -0.243829
  1144.804,    -0.093167
  1144.854,     0.094096
  1144.904,     0.274892
  1144.954,     0.418397
  1145.004,     0.502723
  1145.054,     0.515053
  1145.104,     0.468863
  1145.154,     0.382149
  1145.204,     0.275902
  1145.254,     0.193280
  1145.304,     0.134338
  1145.354,     0.114490
  1145.404,     0.133476
  1145.454,     0.194295
  1145.504,     0.272612
  1145.554,     0.360798
  1145.604,     0.436722
  1145.654,     0.498489
  1145.704,     0.514391
  1145.754,     0.488542
  1145.804,     0.429491
  1145.854,     0.327855
  1145.904,     0.210973
  1145.954,     0.080612
  1146.004,    -0.053715
  1146.054,    -0.179452
  1146.104,    -0.286027
  1146.154,    -0.359663
  1146.204,    -0.423926
  1146.254,    -0.455763
  1146.304,    -0.470767
  1146.354,    -0.454544
  1146.404,    -0.409906
  1146.454,    -0.345258
  1146.504,    -0.264812
  1146.554,    -0.182289
  1146.604,    -0.091051
  1146.654,    -0.006890
  1146.704,     0.059138
  1146.754,     0.111084
  1146.804,     0.142487
  1146.854,     0.160481
  1146.904,     0.169702
  1146.954,     0.169868
  1147.004,     0.172669
  1147.054,     0.178966
  1147.104,     0.188986
  1147.154,     0.205055
  1147.204,     0.216783
  1147.254,     0.232391
  1147.304,     0.242684
  1147.354,     0.250379
  1147.404,     0.241162
  1147.454,     0.217558
  1147.504,     0.181666
  1147.554,     0.140751
  1147.604,     0.075534
  1147.654,     0.011415
  1147.704,    -0.065830
  1147.754,    -0.123566
  1147.804,    -0.164340
  1147.854,    -0.181551
  1147.904,    -0.168005
  1147.954,    -0.114132
  1148.004,    -0.034654
  1148.054,     0.064748
  1148.104,     0.172046
  1148.154,     0.272430
  1148.204,     0.351251
  1148.254,     0.388299
  1148.304,     0.372802
  1148.354,     0.310216
  1148.404,     0.196708
  1148.454,     0.038394
  1148.504,    -0.145760
  1148.554,    -0.326748
  1148.604,    -0.478718
  1148.654,    -0.583805
  1148.704,    -0.614412
  1148.754,    -0.582822
  1148.804,    -0.477705
  1148.854,    -0.301218
  1148.904,    -0.091292
  1148.954,     0.133606
  1149.004,     0.337169
  1149.054,     0.491168
  1149.104,     0.590884
  1149.154,     0.617574
  1149.204,     0.582610
  1149.254,     0.496119
  1149.304,     0.374680
  1149.354,     0.236344
  1149.404,     0.098196
  1149.454,    -0.041282
  1149.504,    -0.161560
  1149.554,    -0.277902
  1149.604,    -0.382729
  1149.654,    -0.478914
  1149.704,    -0.577198
  1149.754,    -0.670646
  1149.804,    -0.741321
  1149.854,    -0.779960
  1149.904,    -0.769684
  1149.954,    -0.707848
  1150.004,    -0.592584
  1150.054,    -0.433219
  1150.104,    -0.216627
  1150.154,     0.025964
  1150.204,     0.295300
  1150.254,     0.567229
  1150.304,     0.833820
  1150.354,     1.061468
  1150.404,     1.237930
  1150.454,     1.352429
  1150.504,     1.384197
  1150.554,     1.339819
  1150.604,     1.211108
  1150.654,     1.011552
  1150.704,     0.757793
  1150.754,     0.475929
  1150.804,     0.176428
  1150.854,    -0.115310
  1150.904,    -0.374305
  1150.954,    -0.578182
  1151.004,    -0.714603
  1151.054,    -0.774036
  1151.104,    -0.759361
  1151.154,    -0.683712
  1151.204,    -0.557261
  1151.254,    -0.411175
  1151.304,    -0.258156
  1151.354,    -0.126664
  1151.404,    -0.021127
  1151.454,     0.058206
  1151.504,     0.099051
  1151.554,     0.112508
  1151.604,     0.112965
  1151.654,     0.107520
  1151.704,     0.101547
  1151.754,     0.091979
  1151.804,     0.088390
  1151.854,     0.098592
  1151.904,     0.114939
  1151.954,     0.139896
  1152.004,     0.163460
  1152.054,     0.191283
  1152.104,     0.205500
  1152.154,     0.208510
  1152.204,     0.207313
  1152.254,     0.200891
  1152.304,     0.184489
  1152.354,     0.178246
  1152.404,     0.173605
  1152.454,     0.169677
  1152.504,     0.173881
  1152.554,     0.181805
  1152.604,     0.182699
  1152.654,     0.174802
  1152.704,     0.144065
  1152.754,     0.072627
  1152.804,    -0.055922
  1152.854,    -0.240310
  1152.904,    -0.472378
  1152.954,    -0.748009
  1153.004,    -1.021095
  1153.054,    -1.249612
  1153.104,    -1.377136
  1153.154,    -1.343828
  1153.204,    -1.129786
  1153.254,    -0.757930
  1153.304,    -0.284260
  1153.354,     0.217326
  1153.404,     0.687144
  1153.454,     1.083359
  1153.504,     1.409468
  1153.554,     1.682990
  1153.604,     1.949278
  1153.654,     2.195719
  1153.704,     2.392416
  1153.755,     2.484708
  1153.805,     2.399593
  1153.855,     2.085635
  1153.905,     1.507848
  1153.955,     0.725860
  1154.005,    -0.156106
  1154.055,    -0.987201
  1154.105,    -1.620722
  1154.155,    -1.971395
  1154.205,    -2.029000
  1154.255,    -1.867173
  1154.305,    -1.583106
  1154.355,    -1.237953
  1154.405,    -0.924925
  1154.455,    -0.656121
  1154.505,    -0.439994
  1154.555,    -0.252671
  1154.605,    -0.058894
  1154.655,     0.171602
  1154.705,     0.427213
  1154.755,     0.668805
  1154.805,     0.854436
  1154.855,     0.950911
  1154.905,     0.946962
  1154.955,     0.859774
  1155.005,     0.711962
  1155.055,     0.526883
  1155.105,     0.346320
  1155.155,     0.169490
  1155.205,     0.038939
  1155.255,    -0.043950
  1155.305,    -0.071717
  1155.355,    -0.048019
  1155.405,     0.017543
  1155.455,     0.098569
  1155.505,     0.182445
  1155.555,     0.246822
  1155.605,     0.287033
  1155.655,     0.289293
  1155.705,     0.254845
  1155.755,     0.189364
  1155.805,     0.095331
  1155.855,    -0.007857
  1155.905,    -0.106664
  1155.955,    -0.172210
  1156.005,    -0.208795
  1156.055,    -0.214926
  1156.105,    -0.190434
  1156.155,    -0.149156
  1156.205,    -0.113013
  1156.255,    -0.080007
  1156.305,    -0.053556
  1156.355,    -0.050049
  1156.405,    -0.059067
  1156.455,    -0.071880
  1156.505,    -0.098516
  1156.555,    -0.118516
  1156.605,    -0.122367
  1156.655,    -0.108024
  1156.705,    -0.090372
  1156.755,    -0.059388
  1156.805,    -0.017848
  1156.855,     0.042300
  1156.905,     0.103566
  1156.955,     0.147951
  1157.005,     0.186841
  1157.055,     0.215958
  1157.105,     0.223307
  1157.155,     0.213602
  1157.205,     0.189037
  1157.255,     0.156095
  1157.305,     0.125431
  1157.355,     0.099733
  1157.405,     0.082718
  1157.455,     0.071623
  1157.505,     0.069653
  1157.555,     0.083443
  1157.605,     0.110982
  1157.655,     0.159879
  1157.705,     0.209998
  1157.755,     0.265549
  1157.805,     0.316810
  1157.855,     0.359936
  1157.905,     0.391270
  1157.955,     0.410179
  1158.005,     0.417614
  1158.055,     0.433787
  1158.105,     0.427748
  1158.155,     0.424406
  1158.205,     0.417322
  1158.255,     0.408874
  1158.305,     0.395397
  1158.355,     0.388863
  1158.405,     0.368079
  1158.455,     0.341855
  1158.505,     0.314816
  1158.555,     0.287733
  1158.605,     0.261152
  1158.655,     0.233722
  1158.705,     0.204157
  1158.755,     0.176005
  1158.805,     0.175923
  1158.855,     0.173411
  1158.905,     0.187607
  1158.955,     0.212283
  1159.005,     0.228799
  1159.055,     0.249957
  1159.105,     0.253434
  1159.155,     0.244760
  1159.205,     0.223763
  1159.255,     0.202295
  1159.305,     0.177492
  1159.355,     0.150930
  1159.405,     0.122189
  1159.455,     0.105655
  1159.505,     0.099378
  1159.555,     0.107735
  1159.605,     0.114050
  1159.655,     0.133543
  1159.705,     0.149959
  1159.755,     0.155659
  1159.805,     0.158648
  1159.855,     0.161327
  1159.905,     0.158658
  1159.955,     0.132936
  1160.005,     0.102184
  1160.055,     0.069776
  1160.105,     0.024292
  1160.155,    -0.008552
  1160.205,    -0.033688
  1160.255,    -0.059377
  1160.305,    -0.074997
  1160.355,    -0.076667
  1160.405,    -0.076223
  1160.455,    -0.062465
  1160.505,    -0.045861
  1160.555,    -0.040450
  1160.605,    -0.030641
  1160.655,    -0.031107
  1160.705,    -0.036152
  1160.755,    -0.062169
  1160.805,    -0.089339
  1160.855,    -0.115754
  1160.905,    -0.142432
  1160.955,    -0.164661
  1161.005,    -0.185275
  1161.055,    -0.188717
  1161.105,    -0.176856
  1161.155,    -0.151142
  1161.205,    -0.117506
  1161.255,    -0.080890
  1161.305,    -0.039893
  1161.355,    -0.002770
  1161.405,     0.011663
  1161.455,     0.021389
  1161.505,     0.026131
  1161.555,     0.004161
  1161.605,    -0.025288
  1161.655,    -0.058212
  1161.705,    -0.088019
  1161.755,    -0.109846
  1161.805,    -0.118653
  1161.855,    -0.127120
  1161.905,    -0.133430
  1161.955,    -0.142764
  1162.005,    -0.155005
  1162.055,    -0.177901
  1162.105,    -0.205304
  1162.155,    -0.232904
  1162.205,    -0.259737
  1162.255,    -0.284843
  1162.305,    -0.291777
  1162.355,    -0.295782
  1162.405,    -0.298408
  1162.455,    -0.294136
  1162.505,    -0.282320
  1162.555,    -0.270086
  1162.605,    -0.263917
  1162.655,    -0.270000
  1162.705,    -0.283503
  1162.755,    -0.306649
  1162.805,    -0.338197
  1162.855,    -0.366684
  1162.905,    -0.395697
  1162.955,    -0.421055
  1163.005,    -0.423035
  1163.055,    -0.410441
  1163.105,    -0.379259
  1163.155,    -0.346249
  1163.205,    -0.304064
  1163.255,    -0.257660
  1163.305,    -0.214660
  1163.355,    -0.173899
  1163.405,    -0.147868
  1163.455,    -0.120646
  1163.505,    -0.089915
  1163.555,    -0.062139
  1163.605,    -0.039978
  1163.655,    -0.022947
  1163.705,     0.009413
  1163.755,     0.048390
  1163.805,     0.070313
  1163.855,     0.095980
  1163.905,     0.121929
  1163.955,     0.144332
  1164.005,     0.157258
  1164.055,     0.163800
  1164.105,     0.166593
  1164.155,     0.167367
  1164.205,     0.174078
  1164.255,     0.172672
  1164.305,     0.172732
  1164.355,     0.168634
  1164.405,     0.161006
  1164.455,     0.151444
  1164.505,     0.145919
  1164.555,     0.142874
  1164.605,     0.148982
  1164.655,     0.151544
  1164.705,     0.161907
  1164.755,     0.176381
  1164.805,     0.192574
  1164.855,     0.216859
  1164.905,     0.241344
  1164.955,     0.250301
  1165.005,     0.262263
  1165.055,     0.261495
  1165.105,     0.253995
  1165.155,     0.229648
  1165.205,     0.204313
  1165.255,     0.177275
  1165.305,     0.146394
  1165.355,     0.117195
  1165.405,     0.090509
  1165.455,     0.078313
  1165.505,     0.074161
  1165.555,     0.063332
  1165.605,     0.054961
  1165.655,     0.052509
  1165.705,     0.036340
  1165.755,     0.019374
  1165.805,     0.005476
  1165.855,    -0.007800
  1165.905,    -0.023348
  1165.955,    -0.046114
  1166.005,    -0.064561
  1166.055,    -0.079234
  1166.105,    -0.093334
  1166.155,    -0.107100
  1166.205,    -0.119679
  1166.255,    -0.134343
  1166.305,    -0.155567
  1166.355,    -0.174118
  1166.405,    -0.203536
  1166.455,    -0.221575
  1166.505,    -0.233073
  1166.555,    -0.242222
  1166.605,    -0.247723
  1166.655,    -0.240494
  1166.705,    -0.225573
  1166.755,    -0.214737
  1166.805,    -0.180137
  1166.855,    -0.153833
  1166.905,    -0.118878
  1166.955,    -0.088345
  1167.005,    -0.070133
  1167.055,    -0.062712
  1167.105,    -0.054451
  1167.155,    -0.048821
  1167.205,    -0.047875
  1167.255,    -0.038550
  1167.305,    -0.030579
  1167.355,    -0.009437
  1167.405,     0.012677
  1167.455,     0.042515
  1167.505,     0.074355
  1167.555,     0.119752
  1167.605,     0.153337
  1167.655,     0.177477
  1167.705,     0.198189
  1167.755,     0.219193
  1167.805,     0.235928
  1167.855,     0.254065
  1167.905,     0.263708
  1167.955,     0.278275
  1168.005,     0.302477
  1168.055,     0.316901
  1168.105,     0.335968
  1168.155,     0.347169
  1168.205,     0.354982
  1168.255,     0.356796
  1168.305,     0.354751
  1168.355,     0.354022
  1168.405,     0.353589
  1168.455,     0.359807
  1168.505,     0.356210
  1168.555,     0.360758
  1168.605,     0.371344
  1168.655,     0.372477
  1168.705,     0.357029
  1168.755,     0.354035
  1168.805,     0.344153
  1168.855,     0.319982
  1168.905,     0.287290
  1168.955,     0.250132
  1169.005,     0.206982
  1169.055,     0.167134
  1169.105,     0.125946
  1169.155,     0.086598
  1169.205,     0.063697
  1169.255,     0.051177
  1169.305,     0.049848
  1169.355,     0.069784
  1169.405,     0.095689
  1169.455,     0.119023
  1169.505,     0.136944
  1169.555,     0.163925
  1169.605,     0.175544
  1169.655,     0.172647
  1169.705,     0.169344
  1169.755,     0.151051
  1169.805,     0.133676
  1169.855,     0.107806
  1169.905,     0.089393
  1169.955,     0.071763
  1170.005,     0.055101
  1170.055,     0.052609
  1170.105,     0.061897
  1170.156,     0.080375
  1170.206,     0.105199
  1170.256,     0.135488
  1170.306,     0.157020
  1170.356,     0.176460
  1170.406,     0.190669
  1170.456,     0.194201
  1170.506,     0.185904
  1170.556,     0.169946
  1170.606,     0.147846
  1170.656,     0.119832
  1170.706,     0.096211
  1170.756,     0.084879
  1170.806,     0.074600
  1170.856,     0.060160
  1170.906,     0.057451
  1170.956,     0.054925
  1171.006,     0.058364
  1171.056,     0.056271
  1171.106,     0.056161
  1171.156,     0.057458
  1171.206,     0.044226
  1171.256,     0.035700
  1171.306,     0.027114
  1171.356,     0.021187
  1171.406,     0.020960
  1171.456,     0.027676
  1171.506,     0.032563
  1171.556,     0.045311
  1171.606,     0.059222
  1171.656,     0.068071
  1171.706,     0.074451
  1171.756,     0.080538
  1171.806,     0.075989
  1171.856,     0.063714
  1171.906,     0.049165
  1171.956,     0.028772
  1172.006,     0.007111
  1172.056,    -0.005633
  1172.106,    -0.016935
  1172.156,    -0.013907
  1172.206,    -0.009089
  1172.256,     0.001522
  1172.306,     0.004657
  1172.356,     0.003708
  1172.406,     0.008260
  1172.456,     0.003311
  1172.506,    -0.005859
  1172.556,    -0.016253
  1172.606,    -0.022519
  1172.656,    -0.025633
  1172.706,    -0.028579
  1172.756,    -0.029167
  1172.806,    -0.031751
  1172.856,    -0.031620
  1172.906,    -0.030873
  1172.956,    -0.024959
  1173.006,    -0.025210
  1173.056,    -0.007796
  1173.106,     0.005140
  1173.156,     0.018107
  1173.206,     0.042529
  1173.256,     0.067112
  1173.306,     0.091446
  1173.356,     0.117416
  1173.406,     0.133657
  1173.456,     0.139516
  1173.506,     0.130396
  1173.556,     0.113133
  1173.606,     0.083384
  1173.656,     0.042050
  1173.706,     0.000784
  1173.756,    -0.045169
  1173.806,    -0.078117
  1173.856,    -0.090694
  1173.906,    -0.099824
  1173.956,    -0.093467
  1174.006,    -0.078422
  1174.056,    -0.052265
  1174.106,    -0.030325
  1174.156,    -0.020510
  1174.206,    -0.029913
  1174.256,    -0.047416
  1174.306,    -0.080178
  1174.356,    -0.121014
  1174.406,    -0.169556
  1174.456,    -0.216365
  1174.506,    -0.250767
  1174.556,    -0.276541
  1174.606,    -0.286258
  1174.656,    -0.279246
  1174.706,    -0.260978
  1174.756,    -0.221978
  1174.806,    -0.180385
  1174.856,    -0.141715
  1174.906,    -0.103491
  1174.956,    -0.067912
  1175.006,    -0.039661
  1175.056,    -0.007774
  1175.106,     0.012475
  1175.156,     0.023733
  1175.206,     0.033079
  1175.256,     0.035313
  1175.306,     0.033030
  1175.356,     0.027978
  1175.406,     0.016484
  1175.456,    -0.005221
  1175.506,    -0.026987
  1175.556,    -0.035220
  1175.606,    -0.041054
  1175.656,    -0.041937
  1175.706,    -0.037079
  1175.756,    -0.028884
  1175.806,    -0.015236
  1175.856,    -0.006331
  1175.906,     0.012886
  1175.956,     0.027898
  1176.006,     0.038752
  1176.056,     0.043991
  1176.106,     0.057704
  1176.156,     0.067591
  1176.206,     0.083127
  1176.256,     0.093500
  1176.306,     0.095983
  1176.356,     0.101801
  1176.406,     0.092746
  1176.456,     0.084102
  1176.506,     0.065762
  1176.556,     0.046601
  1176.606,     0.022430
  1176.656,    -0.000108
  1176.706,    -0.013492
  1176.756,    -0.016039
  1176.806,    -0.013350
  1176.856,    -0.007783
  1176.906,    -0.002909
  1176.956,     0.010603
  1177.006,     0.018309
  1177.056,     0.028450
  1177.106,     0.024518
  1177.156,     0.019647
  1177.206,     0.011981
  1177.256,    -0.002929
  1177.306,    -0.018680
  1177.356,    -0.031185
  1177.406,    -0.036939
  1177.456,    -0.036948
  1177.506,    -0.030337
  1177.556,    -0.033291
  1177.606,    -0.039190
  1177.656,    -0.050536
  1177.706,    -0.062836
  1177.756,    -0.082690
  1177.806,    -0.102633
  1177.856,    -0.117316
  1177.906,    -0.130775
  1177.956,    -0.142465
  1178.006,    -0.152932
  1178.056,    -0.153232
  1178.106,    -0.153857
  1178.156,    -0.160743
  1178.206,    -0.170499
  1178.256,    -0.179872
  1178.306,    -0.191814
  1178.356,    -0.206517
  1178.406,    -0.215101
  1178.456,    -0.212555
  1178.506,    -0.194717
  1178.556,    -0.161746
  1178.606,    -0.108708
  1178.656,    -0.039153
  1178.706,     0.030894
  1178.756,     0.098036
  1178.806,     0.162100
  1178.856,     0.207040
  1178.906,     0.240176
  1178.956,     0.265972
  1179.006,     0.265443
  1179.056,     0.252199
  1179.106,     0.238621
  1179.156,     0.226651
  1179.206,     0.208477
  1179.256,     0.195499
  1179.306,     0.190442
  1179.356,     0.178716
  1179.406,     0.168446
  1179.456,     0.154651
  1179.506,     0.137335
  1179.556,     0.108948
  1179.606,     0.076673
  1179.656,     0.043186
  1179.706,     0.011623
  1179.756,    -0.021004
  1179.806,    -0.050906
  1179.856,    -0.066159
  1179.906,    -0.065456
  1179.956,    -0.062062
  1180.006,    -0.057932
